input,category,declaredTargets,bulkFrozenPass,bulkFrozenFail,currentEvidencePass,currentEvidenceFail,currentUntestedTargets,missingFixture,hasUnretestedHistoricalEvidence,historicalPassedTargets,historicalFailedTargets,currentStatus
264,document,203,1,0,1,0,202,False,True,70,133,representative-directions-passed
265,document,203,1,0,1,0,202,False,True,70,133,representative-directions-passed
266,document,203,0,0,0,0,203,True,False,0,0,missing-fixture
302,document,203,0,1,2,0,201,False,True,75,128,representative-directions-passed
3d,cad,23,0,1,0,1,22,False,True,0,23,tested-specimen-failed
3dostr,document,203,0,0,0,0,203,True,False,0,0,missing-fixture
3ds,cad,23,5,0,5,0,18,False,True,22,1,representative-directions-passed
3fr,image,198,0,0,0,0,198,True,False,0,0,missing-fixture
3g2,document,337,1,0,1,0,336,False,True,187,117,representative-directions-passed
3gp,document,337,1,0,1,0,336,False,True,187,117,representative-directions-passed
3mf,cad,23,1,0,1,0,22,False,True,22,1,representative-directions-passed
4xm,document,203,1,0,1,0,202,False,True,126,77,representative-directions-passed
602,document,20,0,0,0,0,20,True,False,0,0,missing-fixture
669,document,203,0,0,0,0,203,True,False,0,0,missing-fixture
722,document,203,0,0,0,0,203,True,False,0,0,missing-fixture
8bim,image,124,0,0,0,0,124,True,False,0,0,missing-fixture
8bimtext,image,124,0,0,0,0,124,True,False,0,0,missing-fixture
8bimwtext,image,124,0,0,0,0,124,True,False,0,0,missing-fixture
aa,document,203,0,0,0,0,203,True,False,0,0,missing-fixture
aa3,document,203,0,1,2,0,201,False,True,82,121,representative-directions-passed
aac,audio,203,45,0,47,0,156,False,True,73,130,representative-directions-passed
aai,image,169,1,0,1,0,168,False,True,107,62,representative-directions-passed
aax,document,203,0,0,0,0,203,True,False,0,0,missing-fixture
abw,document,20,0,0,0,0,20,True,False,0,0,missing-fixture
ac,cad,23,1,0,1,0,22,False,True,19,4,representative-directions-passed
ac3,document,203,0,1,2,0,201,False,True,85,118,representative-directions-passed
ac3d,cad,23,0,0,0,0,23,True,False,0,0,missing-fixture
ac4,document,203,0,0,0,0,203,True,False,0,0,missing-fixture
acc,cad,23,6,0,6,0,17,False,True,22,1,representative-directions-passed
ace,document,203,0,0,0,0,203,True,False,0,0,missing-fixture
acm,document,203,0,0,0,0,203,True,False,0,0,missing-fixture
act,document,203,0,0,0,0,203,True,False,0,0,missing-fixture
adf,document,203,0,0,0,0,203,True,False,0,0,missing-fixture
adp,document,203,0,1,2,0,201,False,True,82,121,representative-directions-passed
ads,document,203,0,0,0,0,203,True,False,0,0,missing-fixture
adx,document,203,0,1,2,0,201,False,True,69,134,representative-directions-passed
aea,document,203,0,1,2,0,201,False,True,82,121,representative-directions-passed
afc,document,203,0,1,2,0,201,False,True,73,130,representative-directions-passed
ai,vector,169,92,0,92,0,77,False,True,106,63,representative-directions-passed
aiff,document,203,0,1,2,0,201,False,True,73,130,representative-directions-passed
aix,document,203,0,0,0,0,203,True,False,0,0,missing-fixture
al,document,203,0,1,2,0,201,False,True,76,127,representative-directions-passed
alaw,document,203,0,0,0,0,203,True,False,0,0,missing-fixture
alias_pix,document,203,0,0,0,0,203,True,False,0,0,missing-fixture
alp,document,203,0,0,0,0,203,True,False,0,0,missing-fixture
amf,cad,226,6,0,6,0,220,False,True,22,204,representative-directions-passed
amj,cad,23,0,0,0,0,23,True,False,0,0,missing-fixture
amr,document,203,46,0,46,0,157,False,True,73,130,representative-directions-passed
amrnb,document,203,0,0,0,0,203,True,False,0,0,missing-fixture
amrwb,document,203,0,0,0,0,203,True,False,0,0,missing-fixture
ams,document,203,0,0,0,0,203,True,False,0,0,missing-fixture
anm,document,203,1,0,1,0,202,False,True,80,123,representative-directions-passed
ans,document,203,1,0,1,0,202,False,True,82,121,representative-directions-passed
apc,document,203,0,0,0,0,203,True,False,0,0,missing-fixture
ape,document,203,0,0,0,0,203,True,False,0,0,missing-fixture
apl,document,203,0,0,0,0,203,True,False,0,0,missing-fixture
apm,document,203,0,1,2,0,201,False,True,73,130,representative-directions-passed
apng,image,337,1,0,1,0,336,False,True,167,170,representative-directions-passed
app1,image,124,0,0,0,0,124,True,False,0,0,missing-fixture
app1jpeg,image,124,0,0,0,0,124,True,False,0,0,missing-fixture
aptx,document,203,1,0,1,0,202,False,True,59,144,representative-directions-passed
aptxhd,document,203,1,0,1,0,202,False,True,67,136,representative-directions-passed
aqt,document,203,0,1,1,0,202,False,True,1,202,representative-directions-passed
aqtitle,document,203,0,0,0,0,203,True,False,0,0,missing-fixture
argo_asf,document,203,0,0,0,0,203,True,False,0,0,missing-fixture
argo_brp,document,203,0,0,0,0,203,True,False,0,0,missing-fixture
art,image,329,1,0,1,0,328,False,True,139,190,representative-directions-passed
arw,image,198,0,1,0,1,197,False,True,0,198,tested-specimen-failed
asc,document,203,0,0,0,0,203,True,False,0,0,missing-fixture
ase,cad,23,6,0,6,0,17,False,True,22,1,representative-directions-passed
asf,document,203,52,0,52,0,151,False,True,118,85,representative-directions-passed
asf_o,document,203,0,0,0,0,203,True,False,0,0,missing-fixture
ask,cad,23,0,0,0,0,23,True,False,0,0,missing-fixture
ass,document,203,1,0,1,0,202,False,True,5,3,representative-directions-passed
assbin,cad,23,1,0,1,0,22,False,True,22,1,representative-directions-passed
ast,document,203,0,1,2,0,201,False,True,73,130,representative-directions-passed
au,document,203,44,0,44,0,159,False,True,73,130,representative-directions-passed
av1,document,203,0,0,0,0,203,True,False,0,0,missing-fixture
avc,document,203,1,0,1,0,202,False,True,86,117,representative-directions-passed
avci,document,180,0,0,0,0,180,True,False,0,0,missing-fixture
avcs,document,3,0,0,0,0,3,True,False,0,0,missing-fixture
avi,video,337,1,0,3,0,334,False,True,155,182,representative-directions-passed
avif,image,312,102,0,102,0,210,False,True,136,176,representative-directions-passed
avr,document,203,0,0,0,0,203,True,False,0,0,missing-fixture
avs,image,329,1,0,1,0,328,False,True,113,216,representative-directions-passed
avs2,document,203,0,0,0,0,203,True,False,0,0,missing-fixture
avs3,document,203,0,0,0,0,203,True,False,0,0,missing-fixture
awb,document,203,0,1,2,0,201,False,True,82,121,representative-directions-passed
azw3,ebook,20,1,0,1,0,19,False,True,13,7,representative-directions-passed
azw4,ebook,20,0,0,0,0,20,True,False,0,0,missing-fixture
b,image,124,0,0,0,0,124,True,False,0,0,missing-fixture
b3d,cad,23,6,0,6,0,17,False,True,22,1,representative-directions-passed
bayer,image,169,0,0,0,0,169,True,False,0,0,missing-fixture
bayera,image,169,0,0,0,0,169,True,False,0,0,missing-fixture
bcstm,document,203,0,1,2,0,201,False,True,80,123,representative-directions-passed
bethsoftvid,document,203,0,0,0,0,203,True,False,0,0,missing-fixture
bfi,document,203,1,0,1,0,202,False,True,129,74,representative-directions-passed
bfstm,document,203,0,1,2,0,201,False,True,82,121,representative-directions-passed
bgr,image,169,0,0,0,0,169,True,False,0,0,missing-fixture
bgra,image,169,0,0,0,0,169,True,False,0,0,missing-fixture
bgro,image,169,0,0,0,0,169,True,False,0,0,missing-fixture
biblatex,document,65,0,0,0,0,65,True,False,0,0,missing-fixture
bibtex,document,65,0,0,0,0,65,True,False,0,0,missing-fixture
bie,image,124,1,0,1,0,123,False,True,70,54,representative-directions-passed
bif,document,23,0,0,0,0,23,True,False,0,0,missing-fixture
bigtiff,image,124,1,0,1,0,123,False,True,73,51,representative-directions-passed
bin,document,203,0,1,0,1,202,False,True,0,203,tested-specimen-failed
bink,document,203,0,0,0,0,203,True,False,0,0,missing-fixture
binka,document,203,0,0,0,0,203,True,False,0,0,missing-fixture
bit,document,203,1,0,1,0,202,False,True,91,112,representative-directions-passed
bitpacked,document,203,0,0,0,0,203,True,False,0,0,missing-fixture
bits,document,65,0,0,0,0,65,True,False,0,0,missing-fixture
blend,cad,23,6,0,6,0,17,False,True,22,1,representative-directions-passed
bmp,image,335,105,0,105,0,230,False,True,135,200,representative-directions-passed
bmp2,image,169,1,0,1,0,168,False,True,108,61,representative-directions-passed
bmp3,image,169,1,0,1,0,168,False,True,108,61,representative-directions-passed
bmv,document,203,1,0,1,0,202,False,True,127,76,representative-directions-passed
boa,document,203,0,0,0,0,203,True,False,0,0,missing-fixture
bonk,document,203,0,0,0,0,203,True,False,0,0,missing-fixture
brender_pix,document,203,0,0,0,0,203,True,False,0,0,missing-fixture
brstm,document,203,0,0,0,0,203,True,False,0,0,missing-fixture
bsp,cad,23,0,0,0,0,23,True,False,0,0,missing-fixture
bvh,cad,23,1,0,1,0,22,False,True,22,1,representative-directions-passed
c,image,124,5,0,5,0,119,False,True,6,118,representative-directions-passed
c2,document,203,0,1,2,0,201,False,True,84,119,representative-directions-passed
c93,document,203,0,0,0,0,203,True,False,0,0,missing-fixture
caf,document,203,0,1,2,0,201,False,True,73,130,representative-directions-passed
cal,image,169,1,0,1,0,168,False,True,105,64,representative-directions-passed
cals,image,198,1,0,1,0,197,False,True,110,88,representative-directions-passed
cavsvideo,document,203,0,0,0,0,203,True,False,0,0,missing-fixture
cb7,ebook,20,0,0,0,0,20,True,False,0,0,missing-fixture
cba,ebook,20,0,0,0,0,20,True,False,0,0,missing-fixture
cbr,ebook,20,0,0,0,0,20,True,False,0,0,missing-fixture
cbt,ebook,20,0,0,0,0,20,True,False,0,0,missing-fixture
cbz,ebook,20,0,0,0,0,20,True,False,0,0,missing-fixture
cdata,document,203,0,1,2,0,201,False,True,84,119,representative-directions-passed
cdg,document,203,0,0,0,0,203,True,False,0,0,missing-fixture
cdxl,document,203,1,0,1,0,202,False,True,75,128,representative-directions-passed
cgi,document,203,0,0,0,0,203,True,False,0,0,missing-fixture
chm,ebook,20,0,1,0,1,19,False,True,0,20,tested-specimen-failed
cif,document,203,0,0,0,0,203,True,False,0,0,missing-fixture
cin,image,198,1,0,1,0,197,False,True,107,91,representative-directions-passed
cine,document,203,1,0,1,0,202,False,True,87,116,representative-directions-passed
clip,image,169,0,0,0,0,169,True,False,0,0,missing-fixture
cmyk,image,198,0,0,0,0,198,True,False,0,0,missing-fixture
cmyka,image,198,0,0,0,0,198,True,False,0,0,missing-fixture
cob,cad,23,6,0,6,0,17,False,True,22,1,representative-directions-passed
codec2,document,203,0,0,0,0,203,True,False,0,0,missing-fixture
codec2raw,document,203,0,0,0,0,203,True,False,0,0,missing-fixture
commonmark,document,65,1,0,1,0,64,False,True,61,4,representative-directions-passed
commonmark_x,document,65,1,0,1,0,64,False,True,61,4,representative-directions-passed
concat,document,203,0,0,0,0,203,True,False,0,0,missing-fixture
cr2,image,198,0,1,0,1,197,False,True,0,198,tested-specimen-failed
cr3,document,179,0,0,0,0,179,True,False,0,0,missing-fixture
creole,document,65,0,0,0,0,65,True,False,0,0,missing-fixture
cri,document,203,0,0,0,0,203,True,False,0,0,missing-fixture
crw,image,198,0,0,0,0,198,True,False,0,0,missing-fixture
csljson,document,65,0,1,1,0,64,False,True,42,23,representative-directions-passed
csm,cad,23,0,0,0,0,23,True,False,0,0,missing-fixture
csv,document,100,13,0,13,0,87,False,True,79,21,representative-directions-passed
cube,document,179,0,0,0,0,179,True,False,0,0,missing-fixture
cur,image,198,1,0,1,0,197,False,True,113,85,representative-directions-passed
cut,image,198,0,0,0,0,198,True,False,0,0,missing-fixture
cwk,document,20,0,0,0,0,20,True,False,0,0,missing-fixture
dae,cad,23,6,0,6,0,17,False,True,21,2,representative-directions-passed
dash,document,203,0,0,0,0,203,True,False,0,0,missing-fixture
dat,document,203,0,1,0,1,202,False,True,0,203,tested-specimen-failed
data,image,302,0,0,0,0,302,True,False,0,0,missing-fixture
daud,document,203,0,0,0,0,203,True,False,0,0,missing-fixture
dav,document,203,0,0,0,0,203,True,False,0,0,missing-fixture
dbm,document,203,0,0,0,0,203,True,False,0,0,missing-fixture
dcm,image,198,0,0,0,0,198,True,False,0,0,missing-fixture
dcr,image,198,0,0,0,0,198,True,False,0,0,missing-fixture
dcraw,document,179,0,0,0,0,179,True,False,0,0,missing-fixture
dcstr,document,203,0,0,0,0,203,True,False,0,0,missing-fixture
dcx,image,198,102,0,102,0,96,False,True,115,83,representative-directions-passed
dds,image,302,1,0,1,0,301,False,True,130,172,representative-directions-passed
derf,document,203,0,0,0,0,203,True,False,0,0,missing-fixture
dfa,document,203,1,0,1,0,202,False,True,75,128,representative-directions-passed
dfont,document,179,0,0,0,0,179,True,False,0,0,missing-fixture
dfpwm,document,203,0,1,2,0,201,False,True,75,128,representative-directions-passed
dhav,document,203,0,0,0,0,203,True,False,0,0,missing-fixture
dif,document,203,0,1,0,1,202,False,True,0,203,tested-specimen-failed
digi,document,203,0,0,0,0,203,True,False,0,0,missing-fixture
dirac,document,203,0,0,0,0,203,True,False,0,0,missing-fixture
diz,document,203,0,0,0,0,203,True,False,0,0,missing-fixture
djot,document,65,1,0,1,0,64,False,True,61,4,representative-directions-passed
djvu,ebook,20,0,1,0,1,19,False,True,0,20,tested-specimen-failed
dmf,document,203,0,0,0,0,203,True,False,0,0,missing-fixture
dng,image,198,66,0,66,0,132,False,True,75,123,representative-directions-passed
dnxhd,document,203,0,0,0,0,203,True,False,0,0,missing-fixture
doc,document,20,8,0,8,0,12,False,True,16,4,representative-directions-passed
docbook,document,65,1,0,1,0,64,False,True,61,4,representative-directions-passed
docm,document,20,9,0,9,0,11,False,True,16,4,representative-directions-passed
docx,ebook,93,10,0,10,0,83,False,True,80,13,representative-directions-passed
dokuwiki,document,65,1,0,1,0,64,False,True,61,4,representative-directions-passed
dot,document,20,1,0,1,0,19,False,True,1,19,representative-directions-passed
dotm,document,20,9,0,9,0,11,False,True,17,3,representative-directions-passed
dotx,document,20,9,0,9,0,11,False,True,16,4,representative-directions-passed
dpx,image,198,1,0,1,0,197,False,True,113,85,representative-directions-passed
dpx_pipe,document,203,0,0,0,0,203,True,False,0,0,missing-fixture
dsf,document,203,0,0,0,0,203,True,False,0,0,missing-fixture
dsicin,document,203,0,0,0,0,203,True,False,0,0,missing-fixture
dsm,document,203,0,0,0,0,203,True,False,0,0,missing-fixture
dss,document,203,0,1,2,0,201,False,True,85,118,representative-directions-passed
dtk,document,203,0,0,0,0,203,True,False,0,0,missing-fixture
dtm,document,203,0,0,0,0,203,True,False,0,0,missing-fixture
dts,document,203,0,1,2,0,201,False,True,78,125,representative-directions-passed
dtshd,document,203,0,1,2,0,201,False,True,75,128,representative-directions-passed
dv,document,203,0,0,0,0,203,True,False,0,0,missing-fixture
dvbsub,document,203,0,0,0,0,203,True,False,0,0,missing-fixture
dvbtxt,document,203,0,0,0,0,203,True,False,0,0,missing-fixture
dvi,document,2,0,0,0,0,2,True,False,0,0,missing-fixture
dxa,document,203,0,0,0,0,203,True,False,0,0,missing-fixture
dxf,image,23,6,0,6,0,17,False,True,21,2,representative-directions-passed
dxt1,image,169,1,0,1,0,168,False,True,108,61,representative-directions-passed
dxt5,image,169,1,0,1,0,168,False,True,108,61,representative-directions-passed
ea,document,203,0,0,0,0,203,True,False,0,0,missing-fixture
ea_cdata,document,203,0,0,0,0,203,True,False,0,0,missing-fixture
eac3,document,203,0,1,2,0,201,False,True,85,82,representative-directions-passed
ec3,document,203,0,1,2,0,201,False,True,85,82,representative-directions-passed
emf,vector,179,49,0,49,0,130,False,True,112,67,representative-directions-passed
endnotexml,document,65,0,0,0,0,65,True,False,0,0,missing-fixture
enff,cad,23,0,0,0,0,23,True,False,0,0,missing-fixture
epaf,document,203,0,0,0,0,203,True,False,0,0,missing-fixture
epdf,image,198,1,0,1,0,197,False,True,112,86,representative-directions-passed
epi,image,198,1,0,1,0,197,False,True,112,86,representative-directions-passed
eps,vector,208,1,0,1,0,207,False,True,117,91,representative-directions-passed
epsf,image,198,1,0,1,0,197,False,True,112,86,representative-directions-passed
epsi,image,198,1,0,1,0,197,False,True,112,86,representative-directions-passed
ept,image,198,1,0,1,0,197,False,True,114,84,representative-directions-passed
ept2,image,198,1,0,1,0,197,False,True,114,84,representative-directions-passed
ept3,image,198,1,0,1,0,197,False,True,114,84,representative-directions-passed
epub,ebook,93,8,0,8,0,85,False,True,70,23,representative-directions-passed
erf,image,198,0,0,0,0,198,True,False,0,0,missing-fixture
evc,document,203,0,1,1,0,202,False,True,1,202,representative-directions-passed
exif,image,124,0,0,0,0,124,True,False,0,0,missing-fixture
exr,image,179,1,0,1,0,178,False,True,13,166,representative-directions-passed
exr_pipe,document,203,0,0,0,0,203,True,False,0,0,missing-fixture
f32be,document,203,0,0,0,0,203,True,False,0,0,missing-fixture
f32le,document,203,0,0,0,0,203,True,False,0,0,missing-fixture
f4v,document,203,1,0,1,0,202,False,True,131,72,representative-directions-passed
f64be,document,203,0,0,0,0,203,True,False,0,0,missing-fixture
f64le,document,203,0,0,0,0,203,True,False,0,0,missing-fixture
fap,document,203,0,0,0,0,203,True,False,0,0,missing-fixture
far,document,203,0,0,0,0,203,True,False,0,0,missing-fixture
farbfeld,image,169,1,0,1,0,168,False,True,107,62,representative-directions-passed
fax,image,198,1,0,1,0,197,False,True,107,91,representative-directions-passed
fb2,ebook,92,11,0,11,0,81,False,True,79,13,representative-directions-passed
fbx,cad,23,5,0,5,0,18,False,True,22,1,representative-directions-passed
ff,image,169,1,0,1,0,168,False,True,109,60,representative-directions-passed
fff,document,179,0,0,0,0,179,True,False,0,0,missing-fixture
ffmetadata,document,203,0,0,0,0,203,True,False,0,0,missing-fixture
file,image,198,0,0,0,0,198,True,False,0,0,missing-fixture
film_cpk,document,203,0,0,0,0,203,True,False,0,0,missing-fixture
filmstrip,document,203,0,0,0,0,203,True,False,0,0,missing-fixture
fits,image,339,50,0,50,0,289,False,True,66,273,representative-directions-passed
fl32,image,169,1,0,1,0,168,False,True,102,67,representative-directions-passed
flac,audio,203,44,0,46,0,157,False,True,73,130,representative-directions-passed
flic,document,203,0,0,0,0,203,True,False,0,0,missing-fixture
flif,image,169,0,0,0,0,169,True,False,0,0,missing-fixture
flm,document,203,1,0,1,0,202,False,True,85,118,representative-directions-passed
flv,image,302,101,0,101,0,201,False,True,157,145,representative-directions-passed
fodp,presentation,3,3,0,3,0,0,False,False,3,0,representative-directions-passed
fodt,document,20,9,0,9,0,11,False,True,16,4,representative-directions-passed
frm,document,203,0,1,0,1,202,False,True,0,203,tested-specimen-failed
fsb,document,203,0,0,0,0,203,True,False,0,0,missing-fixture
fts,image,169,1,0,1,0,168,False,True,89,80,representative-directions-passed
ftxt,image,169,0,0,0,0,169,True,False,0,0,missing-fixture
fwse,document,203,0,0,0,0,203,True,False,0,0,missing-fixture
g,image,124,0,0,0,0,124,True,False,0,0,missing-fixture
g3,image,169,1,0,1,0,168,False,True,102,67,representative-directions-passed
g4,image,169,0,1,0,1,168,False,True,0,169,tested-specimen-failed
g722,document,203,0,1,2,0,201,False,True,72,131,representative-directions-passed
g723_1,document,203,0,0,0,0,203,True,False,0,0,missing-fixture
g726,document,203,0,0,0,0,203,True,False,0,0,missing-fixture
g726le,document,203,0,0,0,0,203,True,False,0,0,missing-fixture
g729,document,203,0,0,0,0,203,True,False,0,0,missing-fixture
gdm,document,203,0,0,0,0,203,True,False,0,0,missing-fixture
gdv,document,203,1,0,1,0,202,False,True,75,128,representative-directions-passed
genh,document,203,0,0,0,0,203,True,False,0,0,missing-fixture
gfm,document,65,1,0,1,0,64,False,True,61,4,representative-directions-passed
gif,image,374,123,0,123,0,251,False,True,159,215,representative-directions-passed
gif87,image,198,1,0,1,0,197,False,True,113,85,representative-directions-passed
glb,cad,23,1,0,1,0,22,False,True,22,1,representative-directions-passed
gltf,cad,23,1,0,1,0,22,False,True,22,1,representative-directions-passed
gray,image,198,0,0,0,0,198,True,False,0,0,missing-fixture
graya,image,198,0,0,0,0,198,True,False,0,0,missing-fixture
group4,image,169,0,0,0,0,169,True,False,0,0,missing-fixture
gsm,document,203,0,0,0,0,203,True,False,0,0,missing-fixture
gxf,document,203,0,0,0,0,203,True,False,0,0,missing-fixture
h261,document,203,0,0,0,0,203,True,False,0,0,missing-fixture
h263,document,203,1,0,1,0,202,False,True,84,119,representative-directions-passed
h264,document,203,1,0,1,0,202,False,True,56,112,representative-directions-passed
h265,document,203,1,0,1,0,202,False,True,92,111,representative-directions-passed
h266,document,203,0,0,0,0,203,True,False,0,0,missing-fixture
h26l,document,203,0,0,0,0,203,True,False,0,0,missing-fixture
haddock,document,65,1,0,1,0,64,False,True,61,4,representative-directions-passed
hca,document,203,0,0,0,0,203,True,False,0,0,missing-fixture
hcom,document,203,0,0,0,0,203,True,False,0,0,missing-fixture
hdr,image,179,1,0,1,0,178,False,True,114,65,representative-directions-passed
hdr.gz,document,23,0,0,0,0,23,True,False,0,0,missing-fixture
heic,image,209,1,0,2,0,207,False,True,119,90,representative-directions-passed
heics,document,3,0,0,0,0,3,True,False,0,0,missing-fixture
heif,image,209,1,0,2,0,207,False,True,119,90,representative-directions-passed
heifs,document,3,0,0,0,0,3,True,False,0,0,missing-fixture
hevc,document,203,1,0,1,0,202,False,True,70,133,representative-directions-passed
hif,document,3,0,0,0,0,3,True,False,0,0,missing-fixture
hls,document,203,0,0,0,0,203,True,False,0,0,missing-fixture
hmb,cad,23,0,0,0,0,23,True,False,0,0,missing-fixture
hmp,cad,23,6,0,6,0,17,False,True,22,1,representative-directions-passed
hnm,document,203,0,0,0,0,203,True,False,0,0,missing-fixture
hrz,image,198,1,0,1,0,197,False,True,111,87,representative-directions-passed
htlz,ebook,20,0,0,0,0,20,True,False,0,0,missing-fixture
htm,image,20,1,0,1,0,19,False,True,16,4,representative-directions-passed
html,ebook,93,10,0,10,0,83,False,True,80,13,representative-directions-passed
hwp,document,20,9,0,9,0,11,False,True,17,3,representative-directions-passed
icb,image,198,1,0,1,0,197,False,True,112,86,representative-directions-passed
icc,image,124,0,0,0,0,124,True,False,0,0,missing-fixture
ice,document,203,0,0,0,0,203,True,False,0,0,missing-fixture
icm,image,124,0,0,0,0,124,True,False,0,0,missing-fixture
ico,image,329,1,0,2,0,327,False,True,133,196,representative-directions-passed
icon,image,198,1,0,1,0,197,False,True,113,85,representative-directions-passed
idcin,document,203,0,0,0,0,203,True,False,0,0,missing-fixture
identity,image,124,0,0,0,0,124,True,False,0,0,missing-fixture
idf,document,203,0,0,0,0,203,True,False,0,0,missing-fixture
idx,document,203,0,0,0,0,203,True,False,0,0,missing-fixture
ifc,cad,23,0,0,0,0,23,True,False,0,0,missing-fixture
ifczip,cad,23,0,0,0,0,23,True,False,0,0,missing-fixture
iff,document,203,0,1,2,0,201,False,True,83,120,representative-directions-passed
ifv,document,203,0,0,0,0,203,True,False,0,0,missing-fixture
iiq,document,179,0,0,0,0,179,True,False,0,0,missing-fixture
ilbc,document,203,0,0,0,0,203,True,False,0,0,missing-fixture
image,image,124,0,0,0,0,124,True,False,0,0,missing-fixture
image2,document,203,0,0,0,0,203,True,False,0,0,missing-fixture
imf,document,203,0,0,0,0,203,True,False,0,0,missing-fixture
img,document,23,0,0,0,0,23,True,False,0,0,missing-fixture
img.gz,document,23,0,0,0,0,23,True,False,0,0,missing-fixture
imx,document,203,0,0,0,0,203,True,False,0,0,missing-fixture
ingenient,document,203,0,0,0,0,203,True,False,0,0,missing-fixture
inline,image,169,0,0,0,0,169,True,False,0,0,missing-fixture
ipl,image,169,1,0,1,0,168,False,True,106,63,representative-directions-passed
ipmovie,document,203,0,0,0,0,203,True,False,0,0,missing-fixture
iptc,image,124,0,0,0,0,124,True,False,0,0,missing-fixture
iptctext,image,124,0,0,0,0,124,True,False,0,0,missing-fixture
iptcwtext,image,124,0,0,0,0,124,True,False,0,0,missing-fixture
ipu,document,203,0,0,0,0,203,True,False,0,0,missing-fixture
ipynb,document,65,1,0,1,0,64,False,True,61,4,representative-directions-passed
iqm,cad,23,1,0,1,0,22,False,True,22,1,representative-directions-passed
ircam,document,203,0,1,2,0,201,False,True,73,130,representative-directions-passed
irr,cad,23,6,0,6,0,17,False,True,22,1,representative-directions-passed
irrmesh,cad,23,6,0,6,0,17,False,True,22,1,representative-directions-passed
ism,document,203,1,0,1,0,202,False,True,130,73,representative-directions-passed
isma,document,203,0,1,2,0,201,False,True,85,118,representative-directions-passed
ismv,document,203,1,0,1,0,202,False,True,131,72,representative-directions-passed
iss,document,203,0,1,2,0,201,False,True,86,117,representative-directions-passed
it,document,203,0,0,0,0,203,True,False,0,0,missing-fixture
iv8,document,203,0,0,0,0,203,True,False,0,0,missing-fixture
ivf,document,203,1,0,1,0,202,False,True,70,133,representative-directions-passed
ivr,document,203,0,0,0,0,203,True,False,0,0,missing-fixture
j2b,document,203,0,0,0,0,203,True,False,0,0,missing-fixture
j2c,image,179,1,0,1,0,178,False,True,115,64,representative-directions-passed
j2k,image,312,1,0,1,0,311,False,True,136,176,representative-directions-passed
jacosub,document,203,0,0,0,0,203,True,False,0,0,missing-fixture
jats,document,65,1,0,1,0,64,False,True,61,4,representative-directions-passed
jbg,image,124,1,0,1,0,123,False,True,70,54,representative-directions-passed
jbig,image,124,1,0,1,0,123,False,True,70,54,representative-directions-passed
jira,document,65,1,0,1,0,64,False,True,61,4,representative-directions-passed
jng,image,198,1,0,1,0,197,False,True,115,83,representative-directions-passed
jnx,image,198,0,0,0,0,198,True,False,0,0,missing-fixture
jp2,image,179,98,0,98,0,81,False,True,115,64,representative-directions-passed
jpc,image,169,1,0,1,0,168,False,True,108,61,representative-directions-passed
jpe,image,169,1,0,2,0,167,False,True,113,56,representative-directions-passed
jpeg,image,339,1,0,2,0,337,False,True,146,193,representative-directions-passed
jpegls,document,203,0,0,0,0,203,True,False,0,0,missing-fixture
jpg,image,198,104,0,104,0,94,False,True,118,80,representative-directions-passed
jpm,image,169,1,0,1,0,168,False,True,108,61,representative-directions-passed
jps,image,169,1,0,1,0,168,False,True,111,58,representative-directions-passed
jpt,image,169,0,0,0,0,169,True,False,0,0,missing-fixture
jpx,document,23,0,0,0,0,23,True,False,0,0,missing-fixture
json,document,69,1,0,1,0,68,False,True,3,66,representative-directions-passed
jv,document,203,0,0,0,0,203,True,False,0,0,missing-fixture
jxl,image,312,36,0,36,0,276,False,True,56,256,representative-directions-passed
k,image,124,0,0,0,0,124,True,False,0,0,missing-fixture
k25,image,198,0,0,0,0,198,True,False,0,0,missing-fixture
kdc,image,198,0,0,0,0,198,True,False,0,0,missing-fixture
kux,document,203,0,0,0,0,203,True,False,0,0,missing-fixture
kvag,document,203,0,0,0,0,203,True,False,0,0,missing-fixture
laf,document,203,0,0,0,0,203,True,False,0,0,missing-fixture
latex,document,65,1,0,1,0,64,False,True,61,4,representative-directions-passed
lit,ebook,20,1,0,1,0,19,False,True,13,7,representative-directions-passed
lmlm4,document,203,0,0,0,0,203,True,False,0,0,missing-fixture
loas,document,203,0,1,2,0,201,False,True,73,130,representative-directions-passed
lrc,document,203,1,0,1,0,202,False,True,5,3,representative-directions-passed
lrf,ebook,34,1,0,1,0,33,False,True,25,9,representative-directions-passed
luodat,document,203,0,0,0,0,203,True,False,0,0,missing-fixture
lvf,document,203,0,0,0,0,203,True,False,0,0,missing-fixture
lwo,cad,23,6,0,6,0,17,False,True,22,1,representative-directions-passed
lwp,document,20,0,0,0,0,20,True,False,0,0,missing-fixture
lws,cad,23,6,0,6,0,17,False,True,21,2,representative-directions-passed
lxf,document,203,0,0,0,0,203,True,False,0,0,missing-fixture
lxo,cad,23,6,0,6,0,17,False,True,22,1,representative-directions-passed
m,image,124,5,0,5,0,119,False,True,6,118,representative-directions-passed
m15,document,203,0,0,0,0,203,True,False,0,0,missing-fixture
m2a,document,203,0,1,2,0,201,False,True,72,131,representative-directions-passed
m2ts,document,203,1,0,1,0,202,False,True,71,132,representative-directions-passed
m2v,image,169,1,0,1,0,168,False,True,108,61,representative-directions-passed
m3d,cad,23,1,0,1,0,22,False,True,15,8,representative-directions-passed
m4a,audio,203,45,0,45,0,158,False,True,73,130,representative-directions-passed
m4b,document,203,0,1,2,0,201,False,True,85,82,representative-directions-passed
m4v,video,337,1,0,1,0,336,False,True,155,182,representative-directions-passed
mac,image,329,0,0,0,0,329,True,False,0,0,missing-fixture
man,document,65,1,0,1,0,64,False,True,61,4,representative-directions-passed
map,image,198,0,0,0,0,198,True,False,0,0,missing-fixture
markdown,document,65,1,0,1,0,64,False,True,61,4,representative-directions-passed
markdown_mmd,document,65,1,0,1,0,64,False,True,61,4,representative-directions-passed
markdown_phpextra,document,65,1,0,1,0,64,False,True,61,4,representative-directions-passed
markdown_strict,document,65,1,0,1,0,64,False,True,61,4,representative-directions-passed
mask,image,169,0,0,0,0,169,True,False,0,0,missing-fixture
mat,image,208,89,0,89,0,119,False,True,107,101,representative-directions-passed
mca,document,203,0,0,0,0,203,True,False,0,0,missing-fixture
mcc,document,203,0,0,0,0,203,True,False,0,0,missing-fixture
mcw,document,20,0,0,0,0,20,True,False,0,0,missing-fixture
md2,cad,23,1,0,1,0,22,False,True,22,1,representative-directions-passed
md3,cad,23,0,0,0,0,23,True,False,0,0,missing-fixture
md5anim,cad,23,0,0,0,0,23,True,False,0,0,missing-fixture
md5camera,cad,23,0,0,0,0,23,True,False,0,0,missing-fixture
md5mesh,cad,23,6,0,6,0,17,False,True,22,1,representative-directions-passed
mdc,cad,201,1,0,1,0,200,False,True,22,179,representative-directions-passed
mdl,cad,226,0,1,0,1,225,False,True,0,226,tested-specimen-failed
med,document,203,0,0,0,0,203,True,False,0,0,missing-fixture
mediawiki,document,65,1,0,1,0,64,False,True,61,4,representative-directions-passed
mef,image,198,0,0,0,0,198,True,False,0,0,missing-fixture
mesh,cad,23,0,0,0,0,23,True,False,0,0,missing-fixture
mesh.xml,cad,23,1,0,1,0,22,False,True,22,1,representative-directions-passed
microdvd,document,203,0,0,0,0,203,True,False,0,0,missing-fixture
miff,image,198,1,0,1,0,197,False,True,112,86,representative-directions-passed
mj2,document,203,0,0,0,0,203,True,False,0,0,missing-fixture
mjpeg,document,203,1,0,1,0,202,False,True,74,129,representative-directions-passed
mjpg,document,203,1,0,1,0,202,False,True,74,129,representative-directions-passed
mk3d,document,203,0,0,0,0,203,True,False,0,0,missing-fixture
mka,document,203,0,1,2,0,201,False,True,72,131,representative-directions-passed
mks,document,203,1,0,1,0,202,False,True,7,196,representative-directions-passed
mkv,video,337,124,0,126,0,211,False,True,155,182,representative-directions-passed
mlp,document,203,0,1,2,0,201,False,True,83,120,representative-directions-passed
mlv,document,203,0,0,0,0,203,True,False,0,0,missing-fixture
mm,document,203,1,0,1,0,202,False,True,131,72,representative-directions-passed
mmcmp,document,203,0,0,0,0,203,True,False,0,0,missing-fixture
mmf,document,203,0,1,2,0,201,False,True,85,118,representative-directions-passed
mms,document,203,0,0,0,0,203,True,False,0,0,missing-fixture
mng,image,198,1,0,1,0,197,False,True,113,85,representative-directions-passed
mo3,document,203,0,0,0,0,203,True,False,0,0,missing-fixture
mobi,ebook,20,1,0,1,0,19,False,True,13,7,representative-directions-passed
mod,document,203,0,0,0,0,203,True,False,0,0,missing-fixture
mods,document,203,0,0,0,0,203,True,False,0,0,missing-fixture
moflex,document,203,0,0,0,0,203,True,False,0,0,missing-fixture
mono,image,198,0,0,0,0,198,True,False,0,0,missing-fixture
mos,document,179,0,0,0,0,179,True,False,0,0,missing-fixture
mot,cad,23,0,0,0,0,23,True,False,0,0,missing-fixture
mov,video,337,124,0,126,0,211,False,True,218,119,representative-directions-passed
mp2,document,203,0,1,2,0,201,False,True,72,131,representative-directions-passed
mp3,audio,204,44,0,46,0,158,False,True,72,132,representative-directions-passed
mp4,video,337,124,0,126,0,211,False,True,190,147,representative-directions-passed
mpa,document,203,0,1,2,0,201,False,True,72,131,representative-directions-passed
mpc,image,329,0,1,0,1,328,False,True,0,329,tested-specimen-failed
mpc8,document,203,0,0,0,0,203,True,False,0,0,missing-fixture
mpeg,image,302,0,1,1,0,301,False,True,58,244,representative-directions-passed
mpg,image,302,0,1,1,0,301,False,True,49,253,representative-directions-passed
mpjpeg,document,203,0,0,0,0,203,True,False,0,0,missing-fixture
mpl2,document,203,0,0,0,0,203,True,False,0,0,missing-fixture
mpo,document,337,0,0,0,0,337,True,False,0,0,missing-fixture
mpsub,document,203,0,0,0,0,203,True,False,0,0,missing-fixture
mptm,document,203,0,0,0,0,203,True,False,0,0,missing-fixture
mrw,image,198,0,0,0,0,198,True,False,0,0,missing-fixture
mrxs,document,23,0,0,0,0,23,True,False,0,0,missing-fixture
ms3d,cad,23,6,0,6,0,17,False,True,22,1,representative-directions-passed
msbc,document,203,1,0,1,0,202,False,True,70,133,representative-directions-passed
msf,document,203,0,0,0,0,203,True,False,0,0,missing-fixture
msg,document,2,0,1,1,0,1,False,True,1,1,representative-directions-passed
msl,image,198,0,0,0,0,198,True,False,0,0,missing-fixture
msnwctcp,document,203,0,0,0,0,203,True,False,0,0,missing-fixture
msp,document,203,0,0,0,0,203,True,False,0,0,missing-fixture
msvg,image,169,0,0,0,0,169,True,False,0,0,missing-fixture
mt2,document,203,0,0,0,0,203,True,False,0,0,missing-fixture
mtaf,document,203,0,0,0,0,203,True,False,0,0,missing-fixture
mtm,document,203,0,0,0,0,203,True,False,0,0,missing-fixture
mtv,image,329,1,0,1,0,328,False,True,113,216,representative-directions-passed
mulaw,document,203,0,0,0,0,203,True,False,0,0,missing-fixture
muse,document,65,1,0,1,0,64,False,True,61,4,representative-directions-passed
musx,document,203,0,0,0,0,203,True,False,0,0,missing-fixture
mv,document,203,0,0,0,0,203,True,False,0,0,missing-fixture
mvg,image,198,0,0,0,0,198,True,False,0,0,missing-fixture
mvi,document,203,0,0,0,0,203,True,False,0,0,missing-fixture
mw,document,20,0,0,0,0,20,True,False,0,0,missing-fixture
mwd,document,20,0,0,0,0,20,True,False,0,0,missing-fixture
mxf,document,203,1,0,1,0,202,False,True,77,126,representative-directions-passed
mxg,document,203,1,0,1,0,202,False,True,122,81,representative-directions-passed
nc,document,203,0,0,0,0,203,True,False,0,0,missing-fixture
ndo,cad,23,0,0,0,0,23,True,False,0,0,missing-fixture
ndpi,document,23,0,0,0,0,23,True,False,0,0,missing-fixture
nef,image,198,0,1,0,1,197,False,True,0,198,tested-specimen-failed
nff,cad,23,1,0,1,0,22,False,True,21,2,representative-directions-passed
nfo,document,203,0,0,0,0,203,True,False,0,0,missing-fixture
nia,document,23,0,0,0,0,23,True,False,0,0,missing-fixture
nia.gz,document,23,0,0,0,0,23,True,False,0,0,missing-fixture
nii,document,23,0,0,0,0,23,True,False,0,0,missing-fixture
nii.gz,document,23,0,0,0,0,23,True,False,0,0,missing-fixture
nist,document,203,0,1,2,0,201,False,True,85,118,representative-directions-passed
nistsphere,document,203,0,0,0,0,203,True,False,0,0,missing-fixture
nrw,document,179,0,0,0,0,179,True,False,0,0,missing-fixture
nsp,document,203,0,0,0,0,203,True,False,0,0,missing-fixture
nst,document,203,0,0,0,0,203,True,False,0,0,missing-fixture
nsv,document,203,0,0,0,0,203,True,False,0,0,missing-fixture
nut,document,203,1,0,1,0,202,False,True,70,133,representative-directions-passed
nuv,document,203,1,0,1,0,202,False,True,131,72,representative-directions-passed
o,image,124,0,0,0,0,124,True,False,0,0,missing-fixture
obj,cad,23,5,0,6,0,17,False,True,22,1,representative-directions-passed
obu,document,203,1,0,1,0,202,False,True,74,129,representative-directions-passed
odp,presentation,2,2,0,2,0,0,False,False,2,0,representative-directions-passed
ods,document,10,2,0,2,0,8,False,True,6,4,representative-directions-passed
odt,ebook,34,8,0,8,0,26,False,True,24,10,representative-directions-passed
off,cad,23,6,0,6,0,17,False,True,22,1,representative-directions-passed
ogex,cad,23,1,0,1,0,22,False,True,15,8,representative-directions-passed
ogg,audio,203,37,0,39,0,164,False,True,72,131,representative-directions-passed
okt,document,203,0,0,0,0,203,True,False,0,0,missing-fixture
oma,document,203,0,0,0,0,203,True,False,0,0,missing-fixture
omg,document,203,0,0,0,0,203,True,False,0,0,missing-fixture
opml,document,65,1,0,1,0,64,False,True,62,3,representative-directions-passed
opus,audio,203,37,0,39,0,164,False,True,75,128,representative-directions-passed
ora,document,179,0,0,0,0,179,True,False,0,0,missing-fixture
orf,image,198,0,0,0,0,198,True,False,0,0,missing-fixture
org,document,65,1,0,1,0,64,False,True,61,4,representative-directions-passed
osq,document,203,0,0,0,0,203,True,False,0,0,missing-fixture
otb,image,198,1,0,1,0,197,False,True,111,87,representative-directions-passed
otf,font,3,1,0,1,0,2,False,True,3,0,representative-directions-passed
ott,document,20,1,0,1,0,19,False,True,16,4,representative-directions-passed
p7,image,124,3,0,3,0,121,False,True,6,118,representative-directions-passed
paf,document,203,0,0,0,0,203,True,False,0,0,missing-fixture
pages,document,20,1,0,1,0,19,False,True,17,3,representative-directions-passed
pal,image,198,0,0,0,0,198,True,False,0,0,missing-fixture
palm,image,198,1,0,1,0,197,False,True,111,87,representative-directions-passed
pam,image,329,1,0,1,0,328,False,True,135,194,representative-directions-passed
pandoc native,document,65,0,0,0,0,65,True,False,0,0,missing-fixture
pbm,image,335,1,0,1,0,334,False,True,138,197,representative-directions-passed
pcd,image,198,1,0,1,0,197,False,True,112,86,representative-directions-passed
pcds,image,198,1,0,1,0,197,False,True,112,86,representative-directions-passed
pcl,image,169,0,0,0,0,169,True,False,0,0,missing-fixture
pct,image,198,76,0,76,0,122,False,True,116,82,representative-directions-passed
pcx,image,329,79,0,79,0,250,False,True,139,190,representative-directions-passed
pdb,ebook,224,1,0,1,0,223,False,True,121,103,representative-directions-passed
pdf,ebook,258,64,0,64,0,194,False,True,148,110,representative-directions-passed
pdfa,image,169,1,0,1,0,168,False,True,107,62,representative-directions-passed
pdv,document,203,0,0,0,0,203,True,False,0,0,missing-fixture
pef,image,198,0,1,0,1,197,False,True,0,198,tested-specimen-failed
pes,document,179,0,0,0,0,179,True,False,0,0,missing-fixture
pfa,image,198,0,0,0,0,198,True,False,0,0,missing-fixture
pfb,image,198,0,0,0,0,198,True,False,0,0,missing-fixture
pfm,image,179,1,0,1,0,178,False,True,107,72,representative-directions-passed
pgm,image,345,1,0,1,0,344,False,True,140,205,representative-directions-passed
pgmyuv,document,203,1,0,1,0,202,False,True,89,114,representative-directions-passed
pgx,image,302,1,0,1,0,301,False,True,131,171,representative-directions-passed
phm,image,169,1,0,1,0,168,False,True,108,61,representative-directions-passed
photocd,document,203,0,0,0,0,203,True,False,0,0,missing-fixture
pic,document,23,0,0,0,0,23,True,False,0,0,missing-fixture
picon,image,198,1,0,1,0,197,False,True,114,84,representative-directions-passed
pict,image,198,1,0,1,0,197,False,True,116,82,representative-directions-passed
pictor,document,203,0,0,0,0,203,True,False,0,0,missing-fixture
pix,image,198,1,0,1,0,197,False,True,75,123,representative-directions-passed
pjpeg,image,169,1,0,1,0,168,False,True,111,58,representative-directions-passed
pjs,document,203,1,0,1,0,202,False,True,7,196,representative-directions-passed
pk3,cad,23,0,0,0,0,23,True,False,0,0,missing-fixture
plm,document,203,0,0,0,0,203,True,False,0,0,missing-fixture
ply,cad,23,4,0,4,0,19,False,True,22,1,representative-directions-passed
pml,ebook,20,0,0,0,0,20,True,False,0,0,missing-fixture
pmp,document,203,0,0,0,0,203,True,False,0,0,missing-fixture
pmx,cad,23,0,0,0,0,23,True,False,0,0,missing-fixture
png,image,349,81,0,81,0,268,False,True,143,206,representative-directions-passed
png00,image,198,1,0,1,0,197,False,True,113,85,representative-directions-passed
png24,image,198,1,0,1,0,197,False,True,113,85,representative-directions-passed
png32,image,198,1,0,1,0,197,False,True,113,85,representative-directions-passed
png48,image,198,1,0,1,0,197,False,True,113,85,representative-directions-passed
png64,image,198,1,0,1,0,197,False,True,113,85,representative-directions-passed
png8,image,198,1,0,1,0,197,False,True,113,85,representative-directions-passed
pnm,image,204,1,0,1,0,203,False,True,114,90,representative-directions-passed
pocketmod,image,169,0,0,0,0,169,True,False,0,0,missing-fixture
pot,presentation,3,0,0,0,0,3,True,False,0,0,missing-fixture
potx,presentation,3,0,0,0,0,3,True,False,0,0,missing-fixture
pp,document,203,0,0,0,0,203,True,False,0,0,missing-fixture
ppm,image,339,77,0,77,0,262,False,True,140,199,representative-directions-passed
pps,presentation,3,0,0,0,0,3,True,False,0,0,missing-fixture
ppsx,presentation,3,2,0,2,0,1,False,True,3,0,representative-directions-passed
ppt,presentation,3,1,0,1,0,2,False,True,3,0,representative-directions-passed
pptm,presentation,3,2,0,2,0,1,False,True,3,0,representative-directions-passed
pptx,presentation,3,2,0,2,0,1,False,True,3,0,representative-directions-passed
prj,cad,23,0,0,0,0,23,True,False,0,0,missing-fixture
ps,vector,208,1,0,1,0,207,False,True,117,91,representative-directions-passed
psb,image,169,1,0,1,0,168,False,True,103,66,representative-directions-passed
psd,image,302,34,0,34,0,268,False,True,117,185,representative-directions-passed
psm,document,203,0,0,0,0,203,True,False,0,0,missing-fixture
psp,document,203,0,0,0,0,203,True,False,0,0,missing-fixture
psw,document,20,0,0,0,0,20,True,False,0,0,missing-fixture
psxstr,document,203,0,0,0,0,203,True,False,0,0,missing-fixture
pt36,document,203,0,0,0,0,203,True,False,0,0,missing-fixture
ptif,image,198,1,0,1,0,197,False,True,93,105,representative-directions-passed
ptm,document,203,0,0,0,0,203,True,False,0,0,missing-fixture
pva,document,203,1,0,1,0,202,False,True,128,75,representative-directions-passed
pvf,document,203,0,0,0,0,203,True,False,0,0,missing-fixture
pwp,image,198,0,0,0,0,198,True,False,0,0,missing-fixture
q3o,cad,23,1,0,1,0,22,False,True,22,1,representative-directions-passed
q3s,cad,23,1,0,1,0,22,False,True,20,3,representative-directions-passed
qcif,document,203,0,0,0,0,203,True,False,0,0,missing-fixture
qcp,document,203,0,1,2,0,201,False,True,84,119,representative-directions-passed
qdraw,document,203,0,0,0,0,203,True,False,0,0,missing-fixture
qoi,image,169,1,0,1,0,168,False,True,108,61,representative-directions-passed
r,image,124,0,0,0,0,124,True,False,0,0,missing-fixture
r3d,document,203,0,0,0,0,203,True,False,0,0,missing-fixture
radial,document,179,0,0,0,0,179,True,False,0,0,missing-fixture
raf,image,198,0,0,0,0,198,True,False,0,0,missing-fixture
ras,image,198,1,0,1,0,197,False,True,113,85,representative-directions-passed
raw,cad,211,0,1,0,1,210,False,True,0,211,tested-specimen-failed
rawvideo,document,203,0,0,0,0,203,True,False,0,0,missing-fixture
rb,ebook,20,0,0,0,0,20,True,False,0,0,missing-fixture
rco,document,203,0,0,0,0,203,True,False,0,0,missing-fixture
rcv,document,203,1,0,1,0,202,False,True,85,118,representative-directions-passed
realtext,document,203,0,0,0,0,203,True,False,0,0,missing-fixture
redspark,document,203,0,0,0,0,203,True,False,0,0,missing-fixture
rgb,image,329,0,0,0,0,329,True,False,0,0,missing-fixture
rgb565,document,179,0,0,0,0,179,True,False,0,0,missing-fixture
rgba,image,198,0,0,0,0,198,True,False,0,0,missing-fixture
rgbo,image,169,0,0,0,0,169,True,False,0,0,missing-fixture
rgf,image,169,0,1,0,1,168,False,True,0,169,tested-specimen-failed
ris,document,65,0,0,0,0,65,True,False,0,0,missing-fixture
rka,document,203,1,0,1,0,202,False,True,68,135,representative-directions-passed
rl2,document,203,0,0,0,0,203,True,False,0,0,missing-fixture
rla,image,198,0,0,0,0,198,True,False,0,0,missing-fixture
rle,image,198,0,0,0,0,198,True,False,0,0,missing-fixture
rm,document,203,1,0,1,0,202,False,True,70,133,representative-directions-passed
rmf,document,179,0,0,0,0,179,True,False,0,0,missing-fixture
roq,document,203,1,0,1,0,202,False,True,70,133,representative-directions-passed
rpl,document,203,0,0,0,0,203,True,False,0,0,missing-fixture
rsd,document,203,0,1,2,0,201,False,True,86,117,representative-directions-passed
rso,document,203,0,1,2,0,201,False,True,73,130,representative-directions-passed
rst,document,65,1,0,1,0,64,False,True,61,4,representative-directions-passed
rsvg,image,169,0,0,0,0,169,True,False,0,0,missing-fixture
rt,document,203,1,0,1,0,202,False,True,7,196,representative-directions-passed
rtf,ebook,92,5,0,5,0,87,False,True,79,13,representative-directions-passed
rtp,document,203,0,0,0,0,203,True,False,0,0,missing-fixture
rtsp,document,203,0,0,0,0,203,True,False,0,0,missing-fixture
rw2,document,179,0,0,0,0,179,True,False,0,0,missing-fixture
rwl,document,179,0,0,0,0,179,True,False,0,0,missing-fixture
s16be,document,203,0,0,0,0,203,True,False,0,0,missing-fixture
s16le,document,203,0,0,0,0,203,True,False,0,0,missing-fixture
s24be,document,203,0,0,0,0,203,True,False,0,0,missing-fixture
s24le,document,203,0,0,0,0,203,True,False,0,0,missing-fixture
s32be,document,203,0,0,0,0,203,True,False,0,0,missing-fixture
s32le,document,203,0,0,0,0,203,True,False,0,0,missing-fixture
s337m,document,203,0,0,0,0,203,True,False,0,0,missing-fixture
s3m,document,203,0,0,0,0,203,True,False,0,0,missing-fixture
s8,document,203,0,0,0,0,203,True,False,0,0,missing-fixture
sami,document,203,0,0,0,0,203,True,False,0,0,missing-fixture
sap,document,203,0,0,0,0,203,True,False,0,0,missing-fixture
sb,document,203,0,1,2,0,201,False,True,76,127,representative-directions-passed
sbc,document,203,1,0,1,0,202,False,True,60,143,representative-directions-passed
sbg,document,203,0,0,0,0,203,True,False,0,0,missing-fixture
scc,document,203,1,0,1,0,202,False,True,7,196,representative-directions-passed
scn,cad,46,0,0,0,0,46,True,False,0,0,missing-fixture
scr,document,179,0,0,0,0,179,True,False,0,0,missing-fixture
sct,image,198,0,0,0,0,198,True,False,0,0,missing-fixture
sdns,document,203,0,0,0,0,203,True,False,0,0,missing-fixture
sdp,document,203,0,0,0,0,203,True,False,0,0,missing-fixture
sdr2,document,203,0,0,0,0,203,True,False,0,0,missing-fixture
sds,document,203,0,0,0,0,203,True,False,0,0,missing-fixture
sdw,document,20,6,0,6,0,14,False,True,17,3,representative-directions-passed
sdx,document,203,0,0,0,0,203,True,False,0,0,missing-fixture
ser,document,203,0,0,0,0,203,True,False,0,0,missing-fixture
sf,document,203,0,1,2,0,201,False,True,73,130,representative-directions-passed
sfw,image,198,0,0,0,0,198,True,False,0,0,missing-fixture
sfx,document,203,0,0,0,0,203,True,False,0,0,missing-fixture
sfx2,document,203,0,0,0,0,203,True,False,0,0,missing-fixture
sga,document,203,0,0,0,0,203,True,False,0,0,missing-fixture
sgi,image,329,1,0,1,0,328,False,True,134,195,representative-directions-passed
shn,document,203,0,1,2,0,201,False,True,83,120,representative-directions-passed
sib,cad,23,3,0,3,0,20,False,True,22,1,representative-directions-passed
siff,document,203,0,0,0,0,203,True,False,0,0,missing-fixture
six,image,169,1,0,1,0,168,False,True,111,58,representative-directions-passed
sixel,image,169,1,0,1,0,168,False,True,111,58,representative-directions-passed
sln,document,203,0,0,0,0,203,True,False,0,0,missing-fixture
smd,cad,23,4,0,4,0,19,False,True,22,1,representative-directions-passed
smi,document,203,1,0,1,0,202,False,True,5,3,representative-directions-passed
smjpeg,document,203,0,0,0,0,203,True,False,0,0,missing-fixture
smk,document,203,1,0,1,0,202,False,True,128,75,representative-directions-passed
smush,document,203,0,0,0,0,203,True,False,0,0,missing-fixture
snb,ebook,20,0,0,0,0,20,True,False,0,0,missing-fixture
sndio,document,203,0,0,0,0,203,True,False,0,0,missing-fixture
sol,document,203,0,1,2,0,201,False,True,84,119,representative-directions-passed
son,document,203,0,0,0,0,203,True,False,0,0,missing-fixture
sox,document,203,0,1,2,0,201,False,True,73,130,representative-directions-passed
spdif,document,203,0,1,2,0,201,False,True,73,130,representative-directions-passed
sph,document,203,0,0,0,0,203,True,False,0,0,missing-fixture
sr2,image,198,0,0,0,0,198,True,False,0,0,missing-fixture
srf,image,198,0,0,0,0,198,True,False,0,0,missing-fixture
srt,document,203,2,0,2,0,201,False,True,7,196,representative-directions-passed
srw,document,179,0,0,0,0,179,True,False,0,0,missing-fixture
ss2,document,203,0,0,0,0,203,True,False,0,0,missing-fixture
ssa,document,203,1,0,1,0,202,False,True,5,3,representative-directions-passed
st26,document,203,0,0,0,0,203,True,False,0,0,missing-fixture
stegano,image,198,0,0,0,0,198,True,False,0,0,missing-fixture
step,cad,23,0,0,0,0,23,True,False,0,0,missing-fixture
sti,document,179,0,0,0,0,179,True,False,0,0,missing-fixture
stk,document,203,0,0,0,0,203,True,False,0,0,missing-fixture
stl,cad,226,3,0,3,0,223,False,True,26,200,representative-directions-passed
stm,document,203,0,0,0,0,203,True,False,0,0,missing-fixture
stp,cad,226,0,1,0,1,225,False,True,0,226,tested-specimen-failed
str,document,203,1,0,1,0,202,False,True,128,75,representative-directions-passed
strimg,image,169,1,0,1,0,168,False,True,103,66,representative-directions-passed
stw,document,20,3,0,3,0,17,False,True,15,5,representative-directions-passed
sub,document,203,1,0,1,0,202,False,True,5,3,representative-directions-passed
sun,image,198,1,0,1,0,197,False,True,116,82,representative-directions-passed
sup,document,203,0,1,1,0,202,False,True,1,202,representative-directions-passed
svag,document,203,0,0,0,0,203,True,False,0,0,missing-fixture
svg,vector,349,30,0,30,0,319,False,True,114,235,representative-directions-passed
svgz,image,198,28,0,28,0,170,False,True,74,124,representative-directions-passed
svs,document,215,0,0,0,0,215,True,False,0,0,missing-fixture
svslide,document,23,0,0,0,0,23,True,False,0,0,missing-fixture
sw,document,203,0,1,2,0,201,False,True,85,118,representative-directions-passed
swf,document,203,1,0,1,0,202,False,True,66,137,representative-directions-passed
sxw,document,20,1,0,1,0,19,False,True,17,3,representative-directions-passed
szi,document,23,0,0,0,0,23,True,False,0,0,missing-fixture
t2t,document,65,0,0,0,0,65,True,False,0,0,missing-fixture
tab,document,20,1,0,1,0,19,False,True,16,4,representative-directions-passed
tak,document,203,1,0,1,0,202,False,True,68,135,representative-directions-passed
tar,archive,4,1,0,1,0,3,False,True,4,0,representative-directions-passed
tar.bz2,archive,4,1,0,1,0,3,False,True,4,0,representative-directions-passed
tar.gz,archive,4,1,0,1,0,3,False,True,4,0,representative-directions-passed
tar.xz,archive,4,1,0,1,0,3,False,True,4,0,representative-directions-passed
tco,document,203,0,1,2,0,201,False,True,79,124,representative-directions-passed
tcr,ebook,20,0,0,0,0,20,True,False,0,0,missing-fixture
tedcaptions,document,203,0,0,0,0,203,True,False,0,0,missing-fixture
ter,cad,23,1,0,1,0,22,False,True,21,2,representative-directions-passed
tex,document,1,0,1,0,1,0,False,False,0,1,tested-specimen-failed
text,image,198,0,0,0,0,198,True,False,0,0,missing-fixture
textile,document,65,1,0,1,0,64,False,True,61,4,representative-directions-passed
tga,image,198,1,0,1,0,197,False,True,113,85,representative-directions-passed
tgz,archive,5,1,0,1,0,4,False,True,5,0,representative-directions-passed
thd,document,203,0,1,2,0,201,False,True,81,122,representative-directions-passed
thp,document,203,0,0,0,0,203,True,False,0,0,missing-fixture
tiertexseq,document,203,0,0,0,0,203,True,False,0,0,missing-fixture
tif,image,280,1,0,2,0,278,False,True,108,172,representative-directions-passed
tiff,image,339,1,0,2,0,337,False,True,138,201,representative-directions-passed
tiff64,image,169,1,0,1,0,168,False,True,109,60,representative-directions-passed
tikiwiki,document,65,0,0,0,0,65,True,False,0,0,missing-fixture
tim,image,198,0,0,0,0,198,True,False,0,0,missing-fixture
tm2,document,179,0,0,0,0,179,True,False,0,0,missing-fixture
tmv,document,203,1,0,1,0,202,False,True,132,71,representative-directions-passed
toml,document,4,1,0,1,0,3,False,True,2,2,representative-directions-passed
topol,image,124,0,0,0,0,124,True,False,0,0,missing-fixture
truehd,document,203,0,0,0,0,203,True,False,0,0,missing-fixture
ts,document,203,1,0,1,0,202,False,True,131,72,representative-directions-passed
tsv,document,74,1,0,1,0,73,False,True,66,8,representative-directions-passed
tta,document,203,1,0,1,0,202,False,True,60,143,representative-directions-passed
ttc,document,179,0,0,0,0,179,True,False,0,0,missing-fixture
ttf,font,3,2,0,2,0,1,False,True,3,0,representative-directions-passed
tty,document,203,0,0,0,0,203,True,False,0,0,missing-fixture
twiki,document,65,0,0,0,0,65,True,False,0,0,missing-fixture
txd,document,203,1,0,1,0,202,False,True,74,129,representative-directions-passed
txt,ebook,392,2,0,2,0,390,False,True,95,297,representative-directions-passed
ty,document,203,0,0,0,0,203,True,False,0,0,missing-fixture
ty+,document,203,0,0,0,0,203,True,False,0,0,missing-fixture
typst,document,65,1,0,1,0,64,False,True,61,4,representative-directions-passed
u16be,document,203,0,0,0,0,203,True,False,0,0,missing-fixture
u16le,document,203,0,0,0,0,203,True,False,0,0,missing-fixture
u24be,document,203,0,0,0,0,203,True,False,0,0,missing-fixture
u24le,document,203,0,0,0,0,203,True,False,0,0,missing-fixture
u32be,document,203,0,0,0,0,203,True,False,0,0,missing-fixture
u32le,document,203,0,0,0,0,203,True,False,0,0,missing-fixture
u8,document,203,0,0,0,0,203,True,False,0,0,missing-fixture
ub,document,203,0,1,2,0,201,False,True,76,127,representative-directions-passed
uc,cad,23,0,1,0,1,22,False,True,0,23,tested-specimen-failed
ul,document,203,0,1,2,0,201,False,True,76,127,representative-directions-passed
ult,document,203,0,0,0,0,203,True,False,0,0,missing-fixture
umx,document,203,0,0,0,0,203,True,False,0,0,missing-fixture
usd,cad,23,0,0,0,0,23,True,False,0,0,missing-fixture
usda,cad,23,0,0,0,0,23,True,False,0,0,missing-fixture
usdc,cad,23,0,1,0,1,22,False,True,0,23,tested-specimen-failed
usdz,cad,23,0,0,0,0,23,True,False,0,0,missing-fixture
usm,document,203,0,0,0,0,203,True,False,0,0,missing-fixture
uw,document,203,0,1,2,0,201,False,True,85,118,representative-directions-passed
uyvy,image,198,0,0,0,0,198,True,False,0,0,missing-fixture
v,document,215,0,0,0,0,215,True,False,0,0,missing-fixture
v210,document,203,0,0,0,0,203,True,False,0,0,missing-fixture
v210x,document,203,0,0,0,0,203,True,False,0,0,missing-fixture
vag,document,203,0,1,2,0,201,False,True,85,118,representative-directions-passed
vb,document,203,0,0,0,0,203,True,False,0,0,missing-fixture
vc1,document,203,1,0,1,0,202,False,True,84,119,representative-directions-passed
vc1test,document,203,0,0,0,0,203,True,False,0,0,missing-fixture
vcf,document,1,0,0,0,0,1,True,False,0,0,missing-fixture
vda,image,198,1,0,1,0,197,False,True,112,86,representative-directions-passed
vicar,image,198,1,0,1,0,197,False,True,111,87,representative-directions-passed
vidc,document,203,0,0,0,0,203,True,False,0,0,missing-fixture
viff,image,198,1,0,1,0,197,False,True,112,86,representative-directions-passed
vimwiki,document,65,0,0,0,0,65,True,False,0,0,missing-fixture
vips,image,179,1,0,1,0,178,False,True,111,68,representative-directions-passed
viv,document,203,0,0,0,0,203,True,False,0,0,missing-fixture
vividas,document,203,0,0,0,0,203,True,False,0,0,missing-fixture
vivo,document,203,0,0,0,0,203,True,False,0,0,missing-fixture
vmd,document,203,1,0,1,0,202,False,True,130,73,representative-directions-passed
vms,document,23,0,0,0,0,23,True,False,0,0,missing-fixture
vmu,document,23,0,0,0,0,23,True,False,0,0,missing-fixture
vob,document,203,1,0,1,0,202,False,True,71,132,representative-directions-passed
vobsub,document,203,0,0,0,0,203,True,False,0,0,missing-fixture
voc,document,203,0,1,2,0,201,False,True,73,130,representative-directions-passed
vpk,document,203,0,0,0,0,203,True,False,0,0,missing-fixture
vplayer,document,203,0,0,0,0,203,True,False,0,0,missing-fixture
vqe,document,203,0,0,0,0,203,True,False,0,0,missing-fixture
vqf,document,203,0,0,0,0,203,True,False,0,0,missing-fixture
vql,document,203,0,0,0,0,203,True,False,0,0,missing-fixture
vst,image,198,1,0,1,0,197,False,True,112,86,representative-directions-passed
vt,document,203,0,0,0,0,203,True,False,0,0,missing-fixture
vta,cad,23,0,0,0,0,23,True,False,0,0,missing-fixture
vtt,document,203,1,0,1,0,202,False,True,7,196,representative-directions-passed
vvc,document,203,1,0,1,0,202,False,True,84,119,representative-directions-passed
w64,document,203,0,1,2,0,201,False,True,73,130,representative-directions-passed
wa,document,203,0,0,0,0,203,True,False,0,0,missing-fixture
wav,audio,204,1,0,3,0,201,False,True,73,131,representative-directions-passed
way,document,203,0,0,0,0,203,True,False,0,0,missing-fixture
wbmp,image,198,1,0,1,0,197,False,True,112,86,representative-directions-passed
wc3movie,document,203,0,0,0,0,203,True,False,0,0,missing-fixture
webm,video,337,1,0,3,0,334,False,True,155,182,representative-directions-passed
webp,image,339,2,0,3,0,336,False,True,145,194,representative-directions-passed
webvtt,document,203,0,0,0,0,203,True,False,0,0,missing-fixture
wma,document,203,0,1,2,0,201,False,True,76,127,representative-directions-passed
wmf,vector,208,1,0,1,0,207,False,True,117,91,representative-directions-passed
wmv,video,337,1,0,1,0,336,False,True,185,152,representative-directions-passed
wn,document,20,0,0,0,0,20,True,False,0,0,missing-fixture
woff,font,3,1,0,1,0,2,False,True,3,0,representative-directions-passed
woff2,font,3,1,0,1,0,2,False,True,3,0,representative-directions-passed
wow,document,203,0,0,0,0,203,True,False,0,0,missing-fixture
wpd,document,20,1,0,1,0,19,False,True,17,3,representative-directions-passed
wpg,image,198,1,0,1,0,197,False,True,110,88,representative-directions-passed
wps,document,20,1,0,1,0,19,False,True,17,3,representative-directions-passed
wpt,document,20,0,0,0,0,20,True,False,0,0,missing-fixture
wri,document,20,1,0,1,0,19,False,True,17,3,representative-directions-passed
wsaud,document,203,0,0,0,0,203,True,False,0,0,missing-fixture
wsd,document,203,0,0,0,0,203,True,False,0,0,missing-fixture
wsvqa,document,203,0,0,0,0,203,True,False,0,0,missing-fixture
wtv,document,203,1,0,1,0,202,False,True,71,132,representative-directions-passed
wv,document,203,0,1,2,0,201,False,True,73,130,representative-directions-passed
wve,document,203,1,0,1,0,202,False,True,131,72,representative-directions-passed
x,image,23,1,0,1,0,22,False,True,22,1,representative-directions-passed
x3d,cad,23,1,0,1,0,22,False,True,19,4,representative-directions-passed
x3db,cad,23,0,1,0,1,22,False,True,15,8,tested-specimen-failed
x3f,image,198,0,0,0,0,198,True,False,0,0,missing-fixture
xa,document,203,0,0,0,0,203,True,False,0,0,missing-fixture
xbin,document,203,0,0,0,0,203,True,False,0,0,missing-fixture
xbm,image,198,1,0,1,0,197,False,True,112,86,representative-directions-passed
xcf,image,198,0,0,0,0,198,True,False,0,0,missing-fixture
xdv,document,2,0,0,0,0,2,True,False,0,0,missing-fixture
xgl,cad,23,1,0,1,0,22,False,True,22,1,representative-directions-passed
xhtml,document,20,1,0,1,0,19,False,True,16,4,representative-directions-passed
xl,document,203,0,0,0,0,203,True,False,0,0,missing-fixture
xls,document,11,1,0,1,0,10,False,True,7,4,representative-directions-passed
xlsx,document,11,1,0,1,0,10,False,True,7,4,representative-directions-passed
xm,document,203,0,0,0,0,203,True,False,0,0,missing-fixture
xmd,document,203,0,0,0,0,203,True,False,0,0,missing-fixture
xml,document,47,1,0,1,0,46,False,True,4,43,representative-directions-passed
xmp,image,124,1,0,1,0,123,False,True,70,54,representative-directions-passed
xmv,document,203,0,0,0,0,203,True,False,0,0,missing-fixture
xpk,document,203,0,0,0,0,203,True,False,0,0,missing-fixture
xpm,image,198,1,0,1,0,197,False,True,113,85,representative-directions-passed
xps,document,179,0,1,0,1,178,False,True,0,179,tested-specimen-failed
xvag,document,203,0,0,0,0,203,True,False,0,0,missing-fixture
xwd,image,124,1,0,1,0,123,False,True,72,52,representative-directions-passed
xwma,document,203,0,0,0,0,203,True,False,0,0,missing-fixture
y,image,124,0,0,0,0,124,True,False,0,0,missing-fixture
y4m,document,203,1,0,1,0,202,False,True,71,132,representative-directions-passed
yaml,document,4,1,0,1,0,3,False,True,2,2,representative-directions-passed
ycbcr,image,169,0,0,0,0,169,True,False,0,0,missing-fixture
ycbcra,image,169,0,0,0,0,169,True,False,0,0,missing-fixture
yop,document,203,1,0,1,0,202,False,True,126,77,representative-directions-passed
yuv,image,329,0,0,0,0,329,True,False,0,0,missing-fixture
yuv10,document,203,0,0,0,0,203,True,False,0,0,missing-fixture
zabw,document,20,0,0,0,0,20,True,False,0,0,missing-fixture
zae,cad,23,1,0,1,0,22,False,True,22,1,representative-directions-passed
zgl,cad,23,1,0,1,0,22,False,True,22,1,representative-directions-passed
zip,archive,4,1,0,1,0,3,False,True,4,0,representative-directions-passed
